labelIndex,modelLabel,scientificName,taxonClass
0,Acanthis cabaret,,Aves
1,Acanthis flammea,Acanthis flammea,Aves
2,Acanthis hornemanni,,Aves
3,Astur atricapillus,Astur atricapillus,Aves
4,Astur gentilis,Astur gentilis,Aves
5,Tachyspiza badia,Tachyspiza badia,Aves
6,Astur cooperii,Astur cooperii,Aves
7,Accipiter nisus,Accipiter nisus,Aves
8,Accipiter striatus,Accipiter striatus,Aves
9,Acheta domesticus,Acheta domesticus,Insecta
10,Acridotheres cristatellus,Acridotheres cristatellus,Aves
11,Acridotheres tristis,Acridotheres tristis,Aves
12,Acris crepitans,Acris crepitans,Amphibia
13,Acrocephalus agricola,Acrocephalus agricola,Aves
14,Acrocephalus arundinaceus,Acrocephalus arundinaceus,Aves
15,Acrocephalus baeticatus,,Aves
16,Acrocephalus dumetorum,Acrocephalus dumetorum,Aves
17,Acrocephalus melanopogon,Acrocephalus melanopogon,Aves
18,Acrocephalus paludicola,Acrocephalus paludicola,Aves
19,Acrocephalus palustris,Acrocephalus palustris,Aves
20,Acrocephalus schoenobaenus,Acrocephalus schoenobaenus,Aves
21,Acrocephalus scirpaceus,Acrocephalus scirpaceus,Aves
22,Acryllium vulturinum,Acryllium vulturinum,Aves
23,Actitis hypoleucos,Actitis hypoleucos,Aves
24,Actitis macularius,Actitis macularius,Aves
25,Aechmophorus clarkii,Aechmophorus clarkii,Aves
26,Aechmophorus occidentalis,Aechmophorus occidentalis,Aves
27,Aegithalos caudatus,Aegithalos caudatus,Aves
28,Aegolius acadicus,Aegolius acadicus,Aves
29,Aegolius funereus,Aegolius funereus,Aves
30,Agapornis fischeri,Agapornis fischeri,Aves
31,Agapornis personatus,Agapornis personatus,Aves
32,Agelaius phoeniceus,Agelaius phoeniceus,Aves
33,Aix galericulata,Aix galericulata,Aves
34,Aix sponsa,Aix sponsa,Aves
35,Alauda arvensis,Alauda arvensis,Aves
36,Alaudala rufescens,Alaudala rufescens,Aves
37,Alca torda,Alca torda,Aves
38,Alcedo atthis,Alcedo atthis,Aves
39,Alces alces,Alces alces,Mammalia
40,Alectoris barbara,Alectoris barbara,Aves
41,Alectoris chukar,Alectoris chukar,Aves
42,Alectoris graeca,Alectoris graeca,Aves
43,Alectoris rufa,Alectoris rufa,Aves
44,Alle alle,Alle alle,Aves
45,Allonemobius allardi,Allonemobius allardi,Insecta
46,Allonemobius fasciatus,Allonemobius fasciatus,Insecta
47,Allonemobius tinnulus,Allonemobius tinnulus,Insecta
48,Alopochen aegyptiaca,Alopochen aegyptiaca,Aves
49,Alytes obstetricans,Alytes obstetricans,Amphibia
50,Amandava amandava,Amandava amandava,Aves
51,Amazona aestiva,Amazona aestiva,Aves
52,Amazona oratrix,Amazona oratrix,Aves
53,Amblycorypha longinicta,Amblycorypha longinicta,Insecta
54,Amblycorypha oblongifolia,Amblycorypha oblongifolia,Insecta
55,Amblycorypha rotundifolia,Amblycorypha rotundifolia,Insecta
56,Ammodramus savannarum,Ammodramus savannarum,Aves
57,Ammomanes deserti,Ammomanes deserti,Aves
58,Ammospiza caudacuta,Ammospiza caudacuta,Aves
59,Ammospiza leconteii,Ammospiza leconteii,Aves
60,Ammospiza maritima,Ammospiza maritima,Aves
61,Ammospiza nelsoni,Ammospiza nelsoni,Aves
62,Anarhynchus alexandrinus,Anarhynchus alexandrinus,Aves
63,Anarhynchus leschenaultii,Anarhynchus leschenaultii,Aves
64,Anas acuta,Anas acuta,Aves
65,Anas bahamensis,Anas bahamensis,Aves
66,Anas carolinensis,Anas carolinensis,Aves
67,Spatula clypeata,Spatula clypeata,Aves
68,Anas crecca,Anas crecca,Aves
69,Spatula cyanoptera,Spatula cyanoptera,Aves
70,Anas fulvigula,Anas fulvigula,Aves
71,Mareca penelope,Mareca penelope,Aves
72,Anas platyrhynchos,Anas platyrhynchos,Aves
73,Spatula querquedula,Spatula querquedula,Aves
74,Anas rubripes,Anas rubripes,Aves
75,Mareca strepera,Mareca strepera,Aves
76,Anaxipha exigua,Anaxipha exigua,Insecta
77,Anaxipha vernalis,Anaxipha vernalis,Insecta
78,Anaxyrus americanus,Anaxyrus americanus,Amphibia
79,Anaxyrus fowleri,Anaxyrus fowleri,Amphibia
80,Anhinga anhinga,Anhinga anhinga,Aves
81,Anser albifrons,Anser albifrons,Aves
82,Anser anser,Anser anser,Aves
83,Anser brachyrhynchus,Anser brachyrhynchus,Aves
84,Anser caerulescens,Anser caerulescens,Aves
85,Anser cygnoides,Anser cygnoides,Aves
86,Anser erythropus,Anser erythropus,Aves
87,Anser fabalis,Anser fabalis,Aves
88,Anser indicus,Anser indicus,Aves
89,Anser rossii,Anser rossii,Aves
90,Anser serrirostris,Anser serrirostris,Aves
91,Grus virgo,Grus virgo,Aves
92,Anthus berthelotii,Anthus berthelotii,Aves
93,Anthus campestris,Anthus campestris,Aves
94,Anthus cervinus,Anthus cervinus,Aves
95,Anthus godlewskii,Anthus godlewskii,Aves
96,Anthus gustavi,Anthus gustavi,Aves
97,Anthus hodgsoni,Anthus hodgsoni,Aves
98,Anthus petrosus,Anthus petrosus,Aves
99,Anthus pratensis,Anthus pratensis,Aves
100,Anthus richardi,Anthus richardi,Aves
101,Anthus rubescens,Anthus rubescens,Aves
102,Anthus rufulus,Anthus rufulus,Aves
103,Anthus spinoletta,Anthus spinoletta,Aves
104,Anthus trivialis,Anthus trivialis,Aves
105,Antigone canadensis,Antigone canadensis,Aves
106,Antrostomus carolinensis,Antrostomus carolinensis,Aves
107,Antrostomus vociferus,Antrostomus vociferus,Aves
108,Apis mellifera,Apis mellifera,Insecta
109,Apus affinis,Apus affinis,Aves
110,Apus apus,Apus apus,Aves
111,Apus caffer,Apus caffer,Aves
112,Tachymarptis melba,Tachymarptis melba,Aves
113,Apus pacificus,Apus pacificus,Aves
114,Apus pallidus,Apus pallidus,Aves
115,Apus unicolor,Apus unicolor,Aves
116,Aquila adalberti,Aquila adalberti,Aves
117,Aquila chrysaetos,Aquila chrysaetos,Aves
118,Clanga clanga,Clanga clanga,Aves
119,Aquila fasciata,Aquila fasciata,Aves
120,Aquila nipalensis,Aquila nipalensis,Aves
121,Clanga pomarina,Clanga pomarina,Aves
122,Ara ararauna,Ara ararauna,Aves
123,Thectocercus acuticaudatus,Thectocercus acuticaudatus,Aves
124,Psittacara erythrogenys,Psittacara erythrogenys,Aves
125,Psittacara mitratus,Psittacara mitratus,Aves
126,Aratinga nenday,Aratinga nenday,Aves
127,Archilochus alexandri,Archilochus alexandri,Aves
128,Archilochus colubris,Archilochus colubris,Aves
129,Arcyptera fusca,Arcyptera fusca,Insecta
130,Ardea alba,Ardea alba,Aves
131,Ardea cinerea,Ardea cinerea,Aves
132,Ardea herodias,Ardea herodias,Aves
133,Ardea ibis,Ardea ibis,Aves
134,Ardea purpurea,Ardea purpurea,Aves
135,Ardenna gravis,Ardenna gravis,Aves
136,Ardenna grisea,Ardenna grisea,Aves
137,Ardeola ralloides,Ardeola ralloides,Aves
138,Arenaria interpres,Arenaria interpres,Aves
139,Asio flammeus,Asio flammeus,Aves
140,Asio otus,Asio otus,Aves
141,Athene noctua,Athene noctua,Aves
142,Aythya affinis,Aythya affinis,Aves
143,Aythya americana,Aythya americana,Aves
144,Aythya collaris,Aythya collaris,Aves
145,Aythya ferina,Aythya ferina,Aves
146,Aythya fuligula,Aythya fuligula,Aves
147,Aythya marila,Aythya marila,Aves
148,Aythya nyroca,Aythya nyroca,Aves
149,Aythya valisineria,Aythya valisineria,Aves
150,Baeolophus bicolor,Baeolophus bicolor,Aves
151,Balearica regulorum,Balearica regulorum,Aves
152,Barbitistes serricauda,Barbitistes serricauda,Insecta
153,Barbitistes yersini,Barbitistes yersini,Insecta
154,Bartramia longicauda,Bartramia longicauda,Aves
155,Bicolorana bicolor,Bicolorana bicolor,Insecta
156,Roeseliana roeselii,Roeseliana roeselii,Insecta
157,Bombina bombina,Bombina bombina,Amphibia
158,Bombina variegata,Bombina variegata,Amphibia
159,Bombycilla cedrorum,Bombycilla cedrorum,Aves
160,Bombycilla garrulus,Bombycilla garrulus,Aves
161,Bonasa umbellus,Bonasa umbellus,Aves
162,Bos taurus,Bos taurus,Mammalia
163,Botaurus lentiginosus,Botaurus lentiginosus,Aves
164,Botaurus stellaris,Botaurus stellaris,Aves
165,Branta bernicla,Branta bernicla,Aves
166,Branta canadensis,Branta canadensis,Aves
167,Branta hutchinsii,Branta hutchinsii,Aves
168,Branta leucopsis,Branta leucopsis,Aves
169,Branta ruficollis,Branta ruficollis,Aves
170,Branta sandvicensis,Branta sandvicensis,Aves
171,Brotogeris versicolurus,Brotogeris versicolurus,Aves
172,Bubo bubo,Bubo bubo,Aves
173,Bubo scandiacus,Bubo scandiacus,Aves
174,Bubo virginianus,Bubo virginianus,Aves
175,Bucanetes githagineus,Bucanetes githagineus,Aves
176,Bucanetes mongolicus,Bucanetes mongolicus,Aves
177,Bucephala albeola,Bucephala albeola,Aves
178,Bucephala clangula,Bucephala clangula,Aves
179,Bucephala islandica,Bucephala islandica,Aves
180,Bufo bufo,Bufo bufo,Amphibia
181,Epidalea calamita,Epidalea calamita,Amphibia
182,Bufotes viridis,Bufotes viridis,Amphibia
183,Burhinus oedicnemus,Burhinus oedicnemus,Aves
184,Buteo buteo,Buteo buteo,Aves
185,Buteo jamaicensis,Buteo jamaicensis,Aves
186,Buteo lagopus,Buteo lagopus,Aves
187,Buteo lineatus,Buteo lineatus,Aves
188,Buteo platypterus,Buteo platypterus,Aves
189,Buteo rufinus,Buteo rufinus,Aves
190,Buteo swainsoni,Buteo swainsoni,Aves
191,Butorides virescens,Butorides virescens,Aves
192,Cairina moschata,Cairina moschata,Aves
193,Calamospiza melanocorys,Calamospiza melanocorys,Aves
194,Calandrella brachydactyla,Calandrella brachydactyla,Aves
195,Calcarius lapponicus,Calcarius lapponicus,Aves
196,Calcarius ornatus,Calcarius ornatus,Aves
197,Calcarius pictus,Calcarius pictus,Aves
198,Calidris acuminata,Calidris acuminata,Aves
199,Calidris alba,Calidris alba,Aves
200,Calidris alpina,Calidris alpina,Aves
201,Calidris bairdii,Calidris bairdii,Aves
202,Calidris canutus,Calidris canutus,Aves
203,Calidris falcinellus,Calidris falcinellus,Aves
204,Calidris ferruginea,Calidris ferruginea,Aves
205,Calidris fuscicollis,Calidris fuscicollis,Aves
206,Calidris himantopus,Calidris himantopus,Aves
207,Calidris maritima,Calidris maritima,Aves
208,Calidris mauri,Calidris mauri,Aves
209,Calidris melanotos,Calidris melanotos,Aves
210,Calidris minuta,Calidris minuta,Aves
211,Calidris minutilla,Calidris minutilla,Aves
212,Calidris pugnax,Calidris pugnax,Aves
213,Calidris pusilla,Calidris pusilla,Aves
214,Calidris ruficollis,Calidris ruficollis,Aves
215,Calidris subminuta,Calidris subminuta,Aves
216,Calidris subruficollis,Calidris subruficollis,Aves
217,Calidris temminckii,Calidris temminckii,Aves
218,Calliope calliope,Calliope calliope,Aves
219,Callipepla californica,Callipepla californica,Aves
220,Callonetta leucophrys,Callonetta leucophrys,Aves
221,Calonectris borealis,Calonectris borealis,Aves
222,Calonectris diomedea,Calonectris diomedea,Aves
223,Calypte anna,Calypte anna,Aves
224,Canachites canadensis,Canachites canadensis,Aves
225,Canis aureus,Canis aureus,Mammalia
226,Canis lupus,Canis lupus,Mammalia
227,Canis lupus,Canis lupus,Mammalia
228,Canis latrans,Canis latrans,Mammalia
229,Capreolus capreolus,Capreolus capreolus,Mammalia
230,Caprimulgus europaeus,Caprimulgus europaeus,Aves
231,Caprimulgus ruficollis,Caprimulgus ruficollis,Aves
232,Cardellina canadensis,Cardellina canadensis,Aves
233,Cardellina pusilla,Cardellina pusilla,Aves
234,Cardinalis cardinalis,Cardinalis cardinalis,Aves
235,Linaria cannabina,Linaria cannabina,Aves
236,Carduelis carduelis,Carduelis carduelis,Aves
237,Carduelis citrinella,Carduelis citrinella,Aves
238,Carduelis corsicana,Carduelis corsicana,Aves
239,Linaria flavirostris,Linaria flavirostris,Aves
240,Spinus pinus,Spinus pinus,Aves
241,Spinus spinus,Spinus spinus,Aves
242,Carpodacus erythrinus,Carpodacus erythrinus,Aves
243,Carpodacus rubicilla,Carpodacus rubicilla,Aves
244,Carpospiza brachydactyla,Carpospiza brachydactyla,Aves
245,Castor canadensis,Castor canadensis,Mammalia
246,Castor fiber,Castor fiber,Mammalia
247,Cathartes aura,Cathartes aura,Aves
248,Catharus bicknelli,Catharus bicknelli,Aves
249,Catharus fuscescens,Catharus fuscescens,Aves
250,Catharus guttatus,Catharus guttatus,Aves
251,Catharus minimus,Catharus minimus,Aves
252,Catharus ustulatus,Catharus ustulatus,Aves
253,Cecropis daurica,Cecropis daurica,Aves
254,Centronyx henslowii,Centronyx henslowii,Aves
255,Cepphus grylle,Cepphus grylle,Aves
256,Cercotrichas galactotes,Cercotrichas galactotes,Aves
257,Certhia americana,Certhia americana,Aves
258,Certhia brachydactyla,Certhia brachydactyla,Aves
259,Certhia familiaris,Certhia familiaris,Aves
260,Cervus canadensis,Cervus canadensis,Mammalia
261,Cervus elaphus,Cervus elaphus,Mammalia
262,Ceryle rudis,Ceryle rudis,Aves
263,Cettia cetti,Cettia cetti,Aves
264,Chaetura pelagica,Chaetura pelagica,Aves
265,Charadrius dubius,Charadrius dubius,Aves
266,Charadrius hiaticula,Charadrius hiaticula,Aves
267,Charadrius melodus,Charadrius melodus,Aves
268,Eudromias morinellus,Eudromias morinellus,Aves
269,Charadrius semipalmatus,Charadrius semipalmatus,Aves
270,Charadrius vociferus,Charadrius vociferus,Aves
271,Chersophilus duponti,Chersophilus duponti,Aves
272,Chlidonias hybrida,Chlidonias hybrida,Aves
273,Chlidonias leucopterus,Chlidonias leucopterus,Aves
274,Chlidonias niger,Chlidonias niger,Aves
275,Chloephaga picta,Chloephaga picta,Aves
276,Chloris chloris,Chloris chloris,Aves
277,Chondestes grammacus,Chondestes grammacus,Aves
278,Chordeiles minor,Chordeiles minor,Aves
279,Chorthippus albomarginatus,Chorthippus albomarginatus,Insecta
280,Chorthippus apricarius,Chorthippus apricarius,Insecta
281,Chorthippus biguttulus,Chorthippus biguttulus,Insecta
282,Chorthippus binotatus,Chorthippus binotatus,Insecta
283,Chorthippus bornhalmi,Chorthippus bornhalmi,Insecta
284,Chorthippus brunneus,Chorthippus brunneus,Insecta
285,Chorthippus dorsatus,Chorthippus dorsatus,Insecta
286,Chorthippus mollis,Chorthippus mollis,Insecta
287,Pseudochorthippus parallelus,Pseudochorthippus parallelus,Insecta
288,Chorthippus vagans,Chorthippus vagans,Insecta
289,Chroicocephalus genei,Chroicocephalus genei,Aves
290,Chroicocephalus philadelphia,Chroicocephalus philadelphia,Aves
291,Chroicocephalus ridibundus,Chroicocephalus ridibundus,Aves
292,Chrysochraon dispar,Chrysochraon dispar,Insecta
293,Chrysolophus amherstiae,Chrysolophus amherstiae,Aves
294,Chrysolophus pictus,Chrysolophus pictus,Aves
295,Cicada barbara,Cicada barbara,Insecta
296,Cicada cretensis,Cicada cretensis,Insecta
297,Cicada orni,Cicada orni,Insecta
298,Cicadatra atra,Cicadatra atra,Insecta
299,Cicadatra platyptera,Cicadatra platyptera,Insecta
300,Ciconia ciconia,Ciconia ciconia,Aves
301,Ciconia nigra,Ciconia nigra,Aves
302,Cinclus cinclus,Cinclus cinclus,Aves
303,Circaetus gallicus,Circaetus gallicus,Aves
304,Circus aeruginosus,Circus aeruginosus,Aves
305,Circus cyaneus,Circus cyaneus,Aves
306,Circus hudsonius,Circus hudsonius,Aves
307,Circus macrourus,Circus macrourus,Aves
308,Circus pygargus,Circus pygargus,Aves
309,Cisticola juncidis,Cisticola juncidis,Aves
310,Cistothorus palustris,Cistothorus palustris,Aves
311,Cistothorus stellaris,Cistothorus stellaris,Aves
312,Clamator glandarius,Clamator glandarius,Aves
313,Clangula hyemalis,Clangula hyemalis,Aves
314,Coccothraustes coccothraustes,Coccothraustes coccothraustes,Aves
315,Hesperiphona vespertina,Hesperiphona vespertina,Aves
316,Coccyzus americanus,Coccyzus americanus,Aves
317,Coccyzus erythropthalmus,Coccyzus erythropthalmus,Aves
318,Colaptes auratus,Colaptes auratus,Aves
319,Colibri thalassinus,Colibri thalassinus,Aves
320,Colinus virginianus,Colinus virginianus,Aves
321,Coloeus monedula,Coloeus monedula,Aves
322,Columba bollii,Columba bollii,Aves
323,Columba livia,Columba livia,Aves
324,Columba oenas,Columba oenas,Aves
325,Columba palumbus,Columba palumbus,Aves
326,Columba trocaz,Columba trocaz,Aves
327,Columbina passerina,Columbina passerina,Aves
328,Conocephalus brevipennis,Conocephalus brevipennis,Insecta
329,Conocephalus fuscus,Conocephalus fuscus,Insecta
330,Conocephalus dorsalis,Conocephalus dorsalis,Insecta
331,Conocephalus fasciatus,Conocephalus fasciatus,Insecta
332,Contopus cooperi,Contopus cooperi,Aves
333,Contopus sordidulus,Contopus sordidulus,Aves
334,Contopus virens,Contopus virens,Aves
335,Copsychus malabaricus,Copsychus malabaricus,Aves
336,Coracias garrulus,Coracias garrulus,Aves
337,Coragyps atratus,Coragyps atratus,Aves
338,Corthylio calendula,Corthylio calendula,Aves
339,Corvus albus,Corvus albus,Aves
340,Corvus brachyrhynchos,Corvus brachyrhynchos,Aves
341,Corvus corax,Corvus corax,Aves
342,Corvus cornix,Corvus cornix,Aves
343,Corvus corone,Corvus corone,Aves
344,Corvus frugilegus,Corvus frugilegus,Aves
345,Corvus ossifragus,Corvus ossifragus,Aves
346,Corvus splendens,Corvus splendens,Aves
347,Coturnicops noveboracensis,Coturnicops noveboracensis,Aves
348,Coturnix coturnix,Coturnix coturnix,Aves
349,Coturnix japonica,Coturnix japonica,Aves
350,Crex crex,Crex crex,Aves
351,Crithagra mozambica,Crithagra mozambica,Aves
352,Crotalus atrox,Crotalus atrox,Squamata
353,Crotalus horridus,Crotalus horridus,Squamata
354,Crotophaga sulcirostris,Crotophaga sulcirostris,Aves
355,Cuculus canorus,Cuculus canorus,Aves
356,Cuculus optatus,Cuculus optatus,Aves
357,Cuculus saturatus,Cuculus saturatus,Aves
358,Curruca balearica,Curruca balearica,Aves
359,Curruca cantillans,Curruca cantillans,Aves
360,Curruca communis,Curruca communis,Aves
361,Curruca conspicillata,Curruca conspicillata,Aves
362,Curruca crassirostris,Curruca crassirostris,Aves
363,Curruca curruca,Curruca curruca,Aves
364,Curruca hortensis,Curruca hortensis,Aves
365,Curruca iberiae,Curruca iberiae,Aves
366,Curruca melanocephala,Curruca melanocephala,Aves
367,Curruca melanothorax,Curruca melanothorax,Aves
368,Curruca mystacea,Curruca mystacea,Aves
369,Curruca nana,Curruca nana,Aves
370,Curruca nisoria,Curruca nisoria,Aves
371,Curruca ruppeli,Curruca ruppeli,Aves
372,Curruca sarda,Curruca sarda,Aves
373,Curruca subalpina,Curruca subalpina,Aves
374,Curruca undata,Curruca undata,Aves
375,Cursorius cursor,Cursorius cursor,Aves
376,Cyanistes caeruleus,Cyanistes caeruleus,Aves
377,Cyanistes cyanus,Cyanistes cyanus,Aves
378,Cyanistes teneriffae,Cyanistes teneriffae,Aves
379,Cyanocitta cristata,Cyanocitta cristata,Aves
380,Cyanoliseus patagonus,Cyanoliseus patagonus,Aves
381,Cyanopica cooki,Cyanopica cooki,Aves
382,Cygnus atratus,Cygnus atratus,Aves
383,Cygnus buccinator,Cygnus buccinator,Aves
384,Cygnus columbianus,Cygnus columbianus,Aves
385,Cygnus cygnus,Cygnus cygnus,Aves
386,Cygnus olor,Cygnus olor,Aves
387,Cynanthus latirostris,Cynanthus latirostris,Aves
388,Cyrtoxipha columbiana,Cyrtoxipha columbiana,Insecta
389,Dama dama,Dama dama,Mammalia
390,Phalcoboenus australis,Phalcoboenus australis,Aves
391,Decticus albifrons,Decticus albifrons,Insecta
392,Decticus verrucivorus,Decticus verrucivorus,Insecta
393,Delichon urbicum,Delichon urbicum,Aves
394,Delphinapterus leucas,Delphinapterus leucas,Mammalia
395,Dendrocopos leucotos,Dendrocopos leucotos,Aves
396,Dendrocopos major,Dendrocopos major,Aves
397,Dendrocoptes medius,Dendrocoptes medius,Aves
398,Dryobates minor,Dryobates minor,Aves
399,Dendrocopos syriacus,Dendrocopos syriacus,Aves
400,Dendrocygna autumnalis,Dendrocygna autumnalis,Aves
401,Dendrocygna bicolor,Dendrocygna bicolor,Aves
402,Dendrocygna viduata,Dendrocygna viduata,Aves
403,Megatibicen grossa,Megatibicen grossa,Insecta
404,Diceroprocta viridifascia,Diceroprocta viridifascia,Insecta
405,Dimissalna dimissa,Dimissalna dimissa,Insecta
406,Dolichonyx oryzivorus,Dolichonyx oryzivorus,Aves
407,Dryobates pubescens,Dryobates pubescens,Aves
408,Leuconotopicus villosus,Leuconotopicus villosus,Aves
409,Dryocopus martius,Dryocopus martius,Aves
410,Dryocopus pileatus,Dryocopus pileatus,Aves
411,Dryophytes andersonii,Dryophytes andersonii,Amphibia
412,Dryophytes chrysoscelis,Dryophytes chrysoscelis,Amphibia
413,Dryophytes cinereus,Dryophytes cinereus,Amphibia
414,Dryophytes gratiosus,Dryophytes gratiosus,Amphibia
415,Dryophytes squirellus,Dryophytes squirellus,Amphibia
416,Dryophytes versicolor,Dryophytes versicolor,Amphibia
417,Dumetella carolinensis,Dumetella carolinensis,Aves
418,Egretta caerulea,Egretta caerulea,Aves
419,Egretta garzetta,Egretta garzetta,Aves
420,Egretta gularis,Egretta gularis,Aves
421,Egretta thula,Egretta thula,Aves
422,Egretta tricolor,Egretta tricolor,Aves
423,Elanoides forficatus,Elanoides forficatus,Aves
424,Elanus caeruleus,Elanus caeruleus,Aves
425,Eliomys quercinus,Eliomys quercinus,Mammalia
426,Emberiza aureola,Emberiza aureola,Aves
427,Emberiza bruniceps,Emberiza bruniceps,Aves
428,Emberiza buchanani,Emberiza buchanani,Aves
429,Emberiza caesia,Emberiza caesia,Aves
430,Emberiza calandra,Emberiza calandra,Aves
431,Emberiza chrysophrys,Emberiza chrysophrys,Aves
432,Emberiza cia,Emberiza cia,Aves
433,Emberiza cineracea,Emberiza cineracea,Aves
434,Emberiza cirlus,Emberiza cirlus,Aves
435,Emberiza citrinella,Emberiza citrinella,Aves
436,Emberiza hortulana,Emberiza hortulana,Aves
437,Emberiza lathami,Emberiza lathami,Aves
438,Emberiza leucocephalos,Emberiza leucocephalos,Aves
439,Emberiza melanocephala,Emberiza melanocephala,Aves
440,Emberiza pusilla,Emberiza pusilla,Aves
441,Emberiza rustica,Emberiza rustica,Aves
442,Emberiza schoeniclus,Emberiza schoeniclus,Aves
443,Emberiza spodocephala,Emberiza spodocephala,Aves
444,Empidonax alnorum,Empidonax alnorum,Aves
445,Empidonax difficilis,Empidonax difficilis,Aves
446,Empidonax flaviventris,Empidonax flaviventris,Aves
447,Empidonax hammondii,Empidonax hammondii,Aves
448,Empidonax minimus,Empidonax minimus,Aves
449,Empidonax traillii,Empidonax traillii,Aves
450,Empidonax virescens,Empidonax virescens,Aves
451,Empidonax wrightii,Empidonax wrightii,Aves
452,Ephippiger diurnus,Ephippiger diurnus,Insecta
453,Ephippiger ephippiger,Ephippiger ephippiger,Insecta
454,Eptesicus serotinus,Eptesicus serotinus,Mammalia
455,Eremophila alpestris,,Aves
456,Erethizon dorsata,Erethizon dorsata,Mammalia
457,Erinaceus europaeus,Erinaceus europaeus,Mammalia
458,Erithacus rubecula,Erithacus rubecula,Aves
459,Estrilda astrild,Estrilda astrild,Aves
460,Estrilda melpoda,Estrilda melpoda,Aves
461,Estrilda troglodytes,Estrilda troglodytes,Aves
462,Euchorthippus declivus,Euchorthippus declivus,Insecta
463,Eudocimus albus,Eudocimus albus,Aves
464,Eumodicogryllus bordigalensis,Eumodicogryllus bordigalensis,Insecta
465,Eunemobius carolinus,Eunemobius carolinus,Insecta
466,Euodice malabarica,Euodice malabarica,Aves
467,Euphagus carolinus,Euphagus carolinus,Aves
468,Euphagus cyanocephalus,Euphagus cyanocephalus,Aves
469,Euplectes afer,Euplectes afer,Aves
470,Falco columbarius,Falco columbarius,Aves
471,Falco eleonorae,Falco eleonorae,Aves
472,Falco naumanni,Falco naumanni,Aves
473,Falco peregrinus,Falco peregrinus,Aves
474,Falco rusticolus,Falco rusticolus,Aves
475,Falco sparverius,Falco sparverius,Aves
476,Falco subbuteo,Falco subbuteo,Aves
477,Falco tinnunculus,Falco tinnunculus,Aves
478,Falco vespertinus,Falco vespertinus,Aves
479,Felis catus,Felis catus,Mammalia
480,Felis silvestris f. domestica,Felis silvestris f. domestica,Mammalia
481,Ficedula albicilla,Ficedula albicilla,Aves
482,Ficedula albicollis,Ficedula albicollis,Aves
483,Ficedula hypoleuca,Ficedula hypoleuca,Aves
484,Ficedula parva,Ficedula parva,Aves
485,Ficedula semitorquata,Ficedula semitorquata,Aves
486,Francolinus francolinus,Francolinus francolinus,Aves
487,Fratercula arctica,Fratercula arctica,Aves
488,Fregata magnificens,Fregata magnificens,Aves
489,Fringilla coelebs,Fringilla coelebs,Aves
490,Fringilla montifringilla,Fringilla montifringilla,Aves
491,Fringilla teydea,Fringilla teydea,Aves
492,Fulica americana,Fulica americana,Aves
493,Fulica atra,Fulica atra,Aves
494,Fulica cristata,Fulica cristata,Aves
495,Fulmarus glacialis,Fulmarus glacialis,Aves
496,Galerida cristata,Galerida cristata,Aves
497,Galerida theklae,Galerida theklae,Aves
498,Gallinago delicata,Gallinago delicata,Aves
499,Gallinago gallinago,Gallinago gallinago,Aves
500,Gallinago media,Gallinago media,Aves
501,Gallinago megala,Gallinago megala,Aves
502,Gallinago stenura,Gallinago stenura,Aves
503,Gallinula chloropus,Gallinula chloropus,Aves
504,Gallinula galeata,Gallinula galeata,Aves
505,Gallus gallus,Gallus gallus,Aves
506,Gampsocleis glabra,Gampsocleis glabra,Insecta
507,Garrulus glandarius,Garrulus glandarius,Aves
508,Gastrophryne carolinensis,Gastrophryne carolinensis,Amphibia
509,Gavia adamsii,Gavia adamsii,Aves
510,Gavia arctica,Gavia arctica,Aves
511,Gavia immer,Gavia immer,Aves
512,Gavia pacifica,Gavia pacifica,Aves
513,Gavia stellata,Gavia stellata,Aves
514,Gelochelidon nilotica,Gelochelidon nilotica,Aves
515,Geokichla sibirica,Geokichla sibirica,Aves
516,Geopelia cuneata,Geopelia cuneata,Aves
517,Geothlypis formosa,Geothlypis formosa,Aves
518,Geothlypis philadelphia,Geothlypis philadelphia,Aves
519,Geothlypis tolmiei,Geothlypis tolmiei,Aves
520,Geothlypis trichas,Geothlypis trichas,Aves
521,Geronticus eremita,Geronticus eremita,Aves
522,Glareola nordmanni,Glareola nordmanni,Aves
523,Glareola pratincola,Glareola pratincola,Aves
524,Glaucidium passerinum,Glaucidium passerinum,Aves
525,Glaucomys volans,Glaucomys volans,Mammalia
526,Glis glis,Glis glis,Mammalia
527,Gomphocerippus rufus,Gomphocerippus rufus,Insecta
528,Gomphocerus sibiricus,Gomphocerus sibiricus,Insecta
529,Grus grus,Grus grus,Aves
530,Gryllodes sigillatus,Gryllodes sigillatus,Insecta
531,Gryllotalpa gryllotalpa,Gryllotalpa gryllotalpa,Insecta
532,Gryllotalpa vineae,Gryllotalpa vineae,Insecta
533,Gryllus assimilis,Gryllus assimilis,Insecta
534,Gryllus bimaculatus,Gryllus bimaculatus,Insecta
535,Gryllus campestris,Gryllus campestris,Insecta
536,Gryllus firmus,Gryllus firmus,Insecta
537,Gryllus fultoni,Gryllus fultoni,Insecta
538,Gryllus pennsylvanicus,Gryllus pennsylvanicus,Insecta
539,Gryllus rubens,Gryllus rubens,Insecta
540,Gryllus veletis,Gryllus veletis,Insecta
541,Gubernatrix cristata,Gubernatrix cristata,Aves
542,Gulosus aristotelis,Gulosus aristotelis,Aves
543,Gymnoris xanthocollis,Gymnoris xanthocollis,Aves
544,Gyps fulvus,Gyps fulvus,Aves
545,Haematopus ostralegus,Haematopus ostralegus,Aves
546,Haematopus palliatus,Haematopus palliatus,Aves
547,Haemorhous mexicanus,Haemorhous mexicanus,Aves
548,Haemorhous purpureus,Haemorhous purpureus,Aves
549,Halcyon smyrnensis,Halcyon smyrnensis,Aves
550,Haliaeetus albicilla,Haliaeetus albicilla,Aves
551,Haliaeetus leucocephalus,Haliaeetus leucocephalus,Aves
552,Haliaeetus leucoryphus,Haliaeetus leucoryphus,Aves
553,Haliaeetus pelagicus,Haliaeetus pelagicus,Aves
554,Halichoerus grypus,Halichoerus grypus,Mammalia
555,Hapithus saltator,Hapithus saltator,Insecta
556,Helmitheros vermivorum,Helmitheros vermivorum,Aves
557,Hieraaetus pennatus,Hieraaetus pennatus,Aves
558,Himantopus himantopus,Himantopus himantopus,Aves
559,Himantopus mexicanus,Himantopus mexicanus,Aves
560,Hippolais icterina,Hippolais icterina,Aves
561,Hippolais languida,Hippolais languida,Aves
562,Hippolais olivetorum,Hippolais olivetorum,Aves
563,Hippolais polyglotta,Hippolais polyglotta,Aves
564,Hirundo rustica,Hirundo rustica,Aves
565,Histrionicus histrionicus,Histrionicus histrionicus,Aves
566,Homo sapiens,Homo sapiens,Mammalia
567,Hydrobates castro,Hydrobates castro,Aves
568,Hydrobates leucorhous,Hydrobates leucorhous,Aves
569,Hydrobates pelagicus,Hydrobates pelagicus,Aves
570,Hydrocoloeus minutus,Hydrocoloeus minutus,Aves
571,Hydroprogne caspia,Hydroprogne caspia,Aves
572,Hyla arborea,Hyla arborea,Amphibia
573,Hyla intermedia,Hyla intermedia,Amphibia
574,Hyla meridionalis,Hyla meridionalis,Amphibia
575,Hyla orientalis,Hyla orientalis,Amphibia
576,Hyla sarda,Hyla sarda,Amphibia
577,Hylocichla mustelina,Hylocichla mustelina,Aves
578,Ichthyaetus audouinii,Ichthyaetus audouinii,Aves
579,Ichthyaetus ichthyaetus,Ichthyaetus ichthyaetus,Aves
580,Ichthyaetus melanocephalus,Ichthyaetus melanocephalus,Aves
581,Icteria virens,Icteria virens,Aves
582,Icterus bullockii,Icterus bullockii,Aves
583,Icterus galbula,Icterus galbula,Aves
584,Icterus spurius,Icterus spurius,Aves
585,Ictinia mississippiensis,Ictinia mississippiensis,Aves
586,Iduna caligata,Iduna caligata,Aves
587,Iduna opaca,Iduna opaca,Aves
588,Iduna pallida,Iduna pallida,Aves
589,Iduna rama,Iduna rama,Aves
590,Irania gutturalis,Irania gutturalis,Aves
591,Isophya modestior,Isophya modestior,Insecta
592,Botaurus exilis,Botaurus exilis,Aves
593,Botaurus minutus,Botaurus minutus,Aves
594,Ixoreus naevius,Ixoreus naevius,Aves
595,Junco hyemalis,Junco hyemalis,Aves
596,Jynx torquilla,Jynx torquilla,Aves
597,Ketupa zeylonensis,Ketupa zeylonensis,Aves
598,Lagopus lagopus,Lagopus lagopus,Aves
599,Lagopus muta,Lagopus muta,Aves
600,Lanius borealis,Lanius borealis,Aves
601,Lanius collurio,Lanius collurio,Aves
602,Lanius cristatus,Lanius cristatus,Aves
603,Lanius excubitor,Lanius excubitor,Aves
604,Lanius isabellinus,Lanius isabellinus,Aves
605,Lanius ludovicianus,Lanius ludovicianus,Aves
606,Lanius meridionalis,Lanius meridionalis,Aves
607,Lanius minor,Lanius minor,Aves
608,Lanius nubicus,Lanius nubicus,Aves
609,Lanius phoenicuroides,Lanius phoenicuroides,Aves
610,Lanius senator,Lanius senator,Aves
611,Larus argentatus,Larus argentatus,Aves
612,Larus brachyrhynchus,Larus brachyrhynchus,Aves
613,Larus cachinnans,Larus cachinnans,Aves
614,Larus canus,Larus canus,Aves
615,Larus delawarensis,Larus delawarensis,Aves
616,Larus fuscus,Larus fuscus,Aves
617,Larus glaucescens,Larus glaucescens,Aves
618,Larus glaucoides,Larus glaucoides,Aves
619,Larus heermanni,Larus heermanni,Aves
620,Larus hyperboreus,Larus hyperboreus,Aves
621,Larus marinus,Larus marinus,Aves
622,Larus michahellis,Larus michahellis,Aves
623,Larus schistisagus,Larus schistisagus,Aves
624,Larus smithsonianus,Larus smithsonianus,Aves
625,Laterallus jamaicensis,Laterallus jamaicensis,Aves
626,Leiothlypis celata,Leiothlypis celata,Aves
627,Leiothlypis peregrina,Leiothlypis peregrina,Aves
628,Leiothlypis ruficapilla,Leiothlypis ruficapilla,Aves
629,Leiothlypis virginiae,Leiothlypis virginiae,Aves
630,Leiothrix lutea,Leiothrix lutea,Aves
631,Leptophyes laticauda,Leptophyes laticauda,Insecta
632,Leptophyes punctatissima,Leptophyes punctatissima,Insecta
633,Leucophaeus atricilla,Leucophaeus atricilla,Aves
634,Leucophaeus pipixcan,Leucophaeus pipixcan,Aves
635,Limnodromus griseus,Limnodromus griseus,Aves
636,Limnodromus scolopaceus,Limnodromus scolopaceus,Aves
637,Limnodynastes dumerilii,Limnodynastes dumerilii,Amphibia
638,Limnothlypis swainsonii,Limnothlypis swainsonii,Aves
639,Limosa fedoa,Limosa fedoa,Aves
640,Limosa haemastica,Limosa haemastica,Aves
641,Limosa lapponica,Limosa lapponica,Aves
642,Limosa limosa,Limosa limosa,Aves
643,Lithobates catesbeianus,Lithobates catesbeianus,Amphibia
644,Lithobates clamitans,Lithobates clamitans,Amphibia
645,Lithobates kauffeldi,Lithobates kauffeldi,Amphibia
646,Lithobates palustris,Lithobates palustris,Amphibia
647,Lithobates pipiens,Lithobates pipiens,Amphibia
648,Lithobates septentrionalis,Lithobates septentrionalis,Amphibia
649,Lithobates sphenocephalus,Lithobates sphenocephalus,Amphibia
650,Lithobates sylvaticus,Lithobates sylvaticus,Amphibia
651,Lithobates virgatipes,Lithobates virgatipes,Amphibia
652,Locustella fluviatilis,Locustella fluviatilis,Aves
653,Locustella lanceolata,Locustella lanceolata,Aves
654,Locustella luscinioides,Locustella luscinioides,Aves
655,Locustella naevia,Locustella naevia,Aves
656,Lonchura punctulata,Lonchura punctulata,Aves
657,Lontra canadensis,Lontra canadensis,Mammalia
658,Lophodytes cucullatus,Lophodytes cucullatus,Aves
659,Lophophanes cristatus,Lophophanes cristatus,Aves
660,Loxia curvirostra,Loxia curvirostra,Aves
661,Loxia leucoptera,Loxia leucoptera,Aves
662,Loxia pytyopsittacus,Loxia pytyopsittacus,Aves
663,Loxia scotica,Loxia scotica,Aves
664,Lullula arborea,Lullula arborea,Aves
665,Luscinia luscinia,Luscinia luscinia,Aves
666,Luscinia megarhynchos,Luscinia megarhynchos,Aves
667,Luscinia svecica,Luscinia svecica,Aves
668,Lutra lutra,Lutra lutra,Mammalia
669,Lymnocryptes minimus,Lymnocryptes minimus,Aves
670,Lynx lynx,Lynx lynx,Mammalia
671,Lynx rufus,Lynx rufus,Mammalia
672,Lyristes plebejus,Lyristes plebejus,Insecta
673,Lyrurus tetrix,Lyrurus tetrix,Aves
674,Magicicada cassini,Magicicada cassini,Insecta
675,Magicicada septendecim,Magicicada septendecim,Insecta
676,Magicicada septendecula,Magicicada septendecula,Insecta
677,Magicicada tredecim,Magicicada tredecim,Insecta
678,Mareca americana,Mareca americana,Aves
679,Marmota marmota,Marmota marmota,Mammalia
680,Marmota monax,Marmota monax,Mammalia
681,Martes foina,Martes foina,Mammalia
682,Megaceryle alcyon,Megaceryle alcyon,Aves
683,Megaptera novaeangliae,Megaptera novaeangliae,Mammalia
684,Megascops asio,Megascops asio,Aves
685,Melanerpes carolinus,Melanerpes carolinus,Aves
686,Melanerpes erythrocephalus,Melanerpes erythrocephalus,Aves
687,Melanitta americana,Melanitta americana,Aves
688,Melanitta fusca,Melanitta fusca,Aves
689,Melanitta nigra,Melanitta nigra,Aves
690,Melanitta perspicillata,Melanitta perspicillata,Aves
691,Melanocorypha bimaculata,Melanocorypha bimaculata,Aves
692,Melanocorypha calandra,Melanocorypha calandra,Aves
693,Melanogryllus desertus,Melanogryllus desertus,Insecta
694,Meleagris gallopavo,Meleagris gallopavo,Aves
695,Melopsittacus undulatus,Melopsittacus undulatus,Aves
696,Melospiza georgiana,Melospiza georgiana,Aves
697,Melospiza lincolnii,Melospiza lincolnii,Aves
698,Melospiza melodia,Melospiza melodia,Aves
699,Menelikornis leucotis,Menelikornis leucotis,Aves
700,Mergus merganser,Mergus merganser,Aves
701,Mergus serrator,Mergus serrator,Aves
702,Merops apiaster,Merops apiaster,Aves
703,Merops nubicus,Merops nubicus,Aves
704,Merops persicus,Merops persicus,Aves
705,Metrioptera brachyptera,Metrioptera brachyptera,Insecta
706,Microcentrum retinerve,Microcentrum retinerve,Insecta
707,Microcentrum rhombifolium,Microcentrum rhombifolium,Insecta
708,Brachypodius melanocephalos,Brachypodius melanocephalos,Aves
709,Milvus migrans,Milvus migrans,Aves
710,Milvus milvus,Milvus milvus,Aves
711,Mimus polyglottos,Mimus polyglottos,Aves
712,Mniotilta varia,Mniotilta varia,Aves
713,Molothrus ater,Molothrus ater,Aves
714,Monticola saxatilis,Monticola saxatilis,Aves
715,Monticola solitarius,Monticola solitarius,Aves
716,Montifringilla nivalis,Montifringilla nivalis,Aves
717,Morus bassanus,Morus bassanus,Aves
718,Motacilla alba,Motacilla alba,Aves
719,Motacilla cinerea,Motacilla cinerea,Aves
720,Motacilla citreola,Motacilla citreola,Aves
721,Motacilla flava,Motacilla flava,Aves
722,Motacilla tschutschensis,Motacilla tschutschensis,Aves
723,Muntiacus reevesi,Muntiacus reevesi,Mammalia
724,Muscicapa striata,Muscicapa striata,Aves
725,Muscicapa tyrrhenica,Muscicapa tyrrhenica,Aves
726,Myadestes townsendi,Myadestes townsendi,Aves
727,Mycteria americana,Mycteria americana,Aves
728,Myiarchus cinerascens,Myiarchus cinerascens,Aves
729,Myiarchus crinitus,Myiarchus crinitus,Aves
730,Myioborus pictus,Myioborus pictus,Aves
731,Myiopsitta monachus,Myiopsitta monachus,Aves
732,Myocastor coypus,Myocastor coypus,Mammalia
733,Myotis dasycneme,Myotis dasycneme,Mammalia
734,Myotis nattereri,Myotis nattereri,Mammalia
735,Myrmeleotettix maculatus,Myrmeleotettix maculatus,Insecta
736,Nannopterum auritum,Nannopterum auritum,Aves
737,Nannopterum brasilianum,Nannopterum brasilianum,Aves
738,Nemobius sylvestris,Nemobius sylvestris,Insecta
739,Neocicada hieroglyphica,Neocicada hieroglyphica,Insecta
740,Neoconocephalus ensiger,Neoconocephalus ensiger,Insecta
741,Neoconocephalus exiliscanorus,Neoconocephalus exiliscanorus,Insecta
742,Neoconocephalus nebrascensis,Neoconocephalus nebrascensis,Insecta
743,Neoconocephalus retusus,Neoconocephalus retusus,Insecta
744,Neoconocephalus robustus,Neoconocephalus robustus,Insecta
745,Neoconocephalus triops,Neoconocephalus triops,Insecta
746,Neocurtilla hexadactyla,Neocurtilla hexadactyla,Insecta
747,Neotibicen canicularis,Neotibicen canicularis,Insecta
748,Tibicen davisi,Tibicen davisi,Insecta
749,Neotibicen latifasciatus,Neotibicen latifasciatus,Insecta
750,Neotibicen linnei,Neotibicen linnei,Insecta
751,Neotibicen lyricen,Neotibicen lyricen,Insecta
752,Tibicen pruinosa,Tibicen pruinosa,Insecta
753,Neotibicen robinsonianus,Neotibicen robinsonianus,Insecta
754,Tibicen chloromera,Tibicen chloromera,Insecta
755,Neotibicen winnemanna,Neotibicen winnemanna,Insecta
756,Neoxabea bipunctata,Neoxabea bipunctata,Insecta
757,Netta rufina,Netta rufina,Aves
758,Nucifraga caryocatactes,Nucifraga caryocatactes,Aves
759,Numenius americanus,Numenius americanus,Aves
760,Numenius arquata,Numenius arquata,Aves
761,Numenius hudsonicus,Numenius hudsonicus,Aves
762,Numenius phaeopus,Numenius phaeopus,Aves
763,Numida meleagris,Numida meleagris,Aves
764,Nyctanassa violacea,Nyctanassa violacea,Aves
765,Nycticorax nycticorax,Nycticorax nycticorax,Aves
766,Nymphicus hollandicus,Nymphicus hollandicus,Aves
767,Oceanites oceanicus,Oceanites oceanicus,Aves
768,Odocoileus virginianus,Odocoileus virginianus,Mammalia
769,Odontotaenius disjunctus,Odontotaenius disjunctus,Insecta
770,Oecanthus celerinictus,Oecanthus celerinictus,Insecta
771,Oecanthus dulcisonans,Oecanthus dulcisonans,Insecta
772,Oecanthus exclamationis,Oecanthus exclamationis,Insecta
773,Oecanthus fultoni,Oecanthus fultoni,Insecta
774,Oecanthus latipennis,Oecanthus latipennis,Insecta
775,Oecanthus nigricornis,Oecanthus nigricornis,Insecta
776,Oecanthus niveus,Oecanthus niveus,Insecta
777,Oecanthus pellucens,Oecanthus pellucens,Insecta
778,Oecanthus pini,Oecanthus pini,Insecta
779,Oecanthus quadripunctatus,Oecanthus quadripunctatus,Insecta
780,Oenanthe chrysopygia,Oenanthe chrysopygia,Aves
781,Oenanthe cypriaca,Oenanthe cypriaca,Aves
782,Oenanthe deserti,Oenanthe deserti,Aves
783,Oenanthe finschii,Oenanthe finschii,Aves
784,Oenanthe hispanica,Oenanthe hispanica,Aves
785,Oenanthe melanoleuca,Oenanthe melanoleuca,Aves
786,Oenanthe isabellina,Oenanthe isabellina,Aves
787,Oenanthe leucura,Oenanthe leucura,Aves
788,Oenanthe oenanthe,Oenanthe oenanthe,Aves
789,Oenanthe pleschanka,Oenanthe pleschanka,Aves
790,Okanagana noveboracensis,Okanagana noveboracensis,Insecta
791,Okanagana rimosa,Okanagana rimosa,Insecta
792,Omocestus haemorrhoidalis,Omocestus haemorrhoidalis,Insecta
793,Omocestus raymondi,Omocestus raymondi,Insecta
794,Omocestus rufipes,Omocestus rufipes,Insecta
795,Omocestus viridulus,Omocestus viridulus,Insecta
796,Onychoprion anaethetus,Onychoprion anaethetus,Aves
797,Onychoprion fuscatus,Onychoprion fuscatus,Aves
798,Oporornis agilis,Oporornis agilis,Aves
799,Orchelimum agile,Orchelimum agile,Insecta
800,Orchelimum erythrocephalum,Orchelimum erythrocephalum,Insecta
801,Orchelimum gladiator,Orchelimum gladiator,Insecta
802,Orchelimum minor,Orchelimum minor,Insecta
803,Orchelimum nigripes,Orchelimum nigripes,Insecta
804,Orchelimum pulchellum,Orchelimum pulchellum,Insecta
805,Orchelimum silvaticum,Orchelimum silvaticum,Insecta
806,Orchelimum vulgare,Orchelimum vulgare,Insecta
807,Oreoscoptes montanus,Oreoscoptes montanus,Aves
808,Oriolus oriolus,Oriolus oriolus,Aves
809,Orocharis saltator,Orocharis saltator,Insecta
810,Otus cyprius,Otus cyprius,Aves
811,Otus scops,Otus scops,Aves
812,Ovis aries,Ovis aries,Mammalia
813,Oxyura jamaicensis,Oxyura jamaicensis,Aves
814,Pagophilus groenlandicus,Pagophilus groenlandicus,Mammalia
815,Pandion haliaetus,Pandion haliaetus,Aves
816,Panurus biarmicus,Panurus biarmicus,Aves
817,Parabuteo unicinctus,Parabuteo unicinctus,Aves
818,Sinosuthora webbiana,Suthora webbiana,Aves
819,Suthora webbiana,Suthora webbiana,Aves
820,Parkesia motacilla,Parkesia motacilla,Aves
821,Parkesia noveboracensis,Parkesia noveboracensis,Aves
822,Parus major,Parus major,Aves
823,Passer domesticus,Passer domesticus,Aves
824,Passer hispaniolensis,Passer hispaniolensis,Aves
825,Passer italiae,Passer italiae,Aves
826,Passer luteus,Passer luteus,Aves
827,Passer moabiticus,Passer moabiticus,Aves
828,Passer montanus,Passer montanus,Aves
829,Passerculus sandwichensis,Passerculus sandwichensis,Aves
830,Passerella iliaca,Passerella iliaca,Aves
831,Passerina amoena,Passerina amoena,Aves
832,Passerina caerulea,Passerina caerulea,Aves
833,Passerina ciris,Passerina ciris,Aves
834,Passerina cyanea,Passerina cyanea,Aves
835,Pastor roseus,Pastor roseus,Aves
836,Pavo cristatus,Pavo cristatus,Aves
837,Pelecanus erythrorhynchos,Pelecanus erythrorhynchos,Aves
838,Pelecanus occidentalis,Pelecanus occidentalis,Aves
839,Pelecanus onocrotalus,Pelecanus onocrotalus,Aves
840,Pelobates fuscus,Pelobates fuscus,Amphibia
841,Pelodytes punctatus,Pelodytes punctatus,Amphibia
842,Pelophylax lessonae,Pelophylax lessonae,Amphibia
843,Pelophylax perezi,Pelophylax perezi,Amphibia
844,Pelophylax ridibundus,Pelophylax ridibundus,Amphibia
845,Perdix perdix,Perdix perdix,Aves
846,Periparus ater,Periparus ater,Aves
847,Perisoreus canadensis,Perisoreus canadensis,Aves
848,Perisoreus infaustus,Perisoreus infaustus,Aves
849,Pernis apivorus,Pernis apivorus,Aves
850,Petrochelidon fulva,Petrochelidon fulva,Aves
851,Petrochelidon pyrrhonota,Petrochelidon pyrrhonota,Aves
852,Petronia petronia,Petronia petronia,Aves
853,Peucaea cassinii,Peucaea cassinii,Aves
854,Phaethon aethereus,Phaethon aethereus,Aves
855,Phalacrocorax carbo,Phalacrocorax carbo,Aves
856,Phalaropus fulicarius,Phalaropus fulicarius,Aves
857,Phalaropus lobatus,Phalaropus lobatus,Aves
858,Phalaropus tricolor,Phalaropus tricolor,Aves
859,Phasianus colchicus,Phasianus colchicus,Aves
860,Pheucticus ludovicianus,Pheucticus ludovicianus,Aves
861,Pheucticus melanocephalus,Pheucticus melanocephalus,Aves
862,Phoeniconaias minor,Phoeniconaias minor,Aves
863,Phoenicopterus chilensis,Phoenicopterus chilensis,Aves
864,Phoenicopterus roseus,Phoenicopterus roseus,Aves
865,Phoenicopterus ruber,Phoenicopterus ruber,Aves
866,Phoenicurus erythrogastrus,Phoenicurus erythrogastrus,Aves
867,Phoenicurus ochruros,Phoenicurus ochruros,Aves
868,Phoenicurus phoenicurus,Phoenicurus phoenicurus,Aves
869,Pholidoptera aptera,Pholidoptera aptera,Insecta
870,Pholidoptera fallax,Pholidoptera fallax,Insecta
871,Pholidoptera littoralis,Pholidoptera littoralis,Insecta
872,Phyllopalpus pulchellus,Phyllopalpus pulchellus,Insecta
873,Phylloscopus bonelli,Phylloscopus bonelli,Aves
874,Phylloscopus borealis,Phylloscopus borealis,Aves
875,Phylloscopus canariensis,Phylloscopus canariensis,Aves
876,Phylloscopus collybita,Phylloscopus collybita,Aves
877,Phylloscopus coronatus,Phylloscopus coronatus,Aves
878,Phylloscopus fuscatus,Phylloscopus fuscatus,Aves
879,Phylloscopus griseolus,Phylloscopus griseolus,Aves
880,Phylloscopus humei,Phylloscopus humei,Aves
881,Phylloscopus ibericus,Phylloscopus ibericus,Aves
882,Phylloscopus inornatus,Phylloscopus inornatus,Aves
883,Phylloscopus nitidus,Phylloscopus nitidus,Aves
884,Phylloscopus orientalis,Phylloscopus orientalis,Aves
885,Phylloscopus plumbeitarsus,Phylloscopus plumbeitarsus,Aves
886,Phylloscopus proregulus,Phylloscopus proregulus,Aves
887,Phylloscopus schwarzi,Phylloscopus schwarzi,Aves
888,Phylloscopus sibilatrix,Phylloscopus sibilatrix,Aves
889,Phylloscopus sindianus,Phylloscopus sindianus,Aves
890,Phylloscopus tenellipes,Phylloscopus tenellipes,Aves
891,Phylloscopus trochiloides,Phylloscopus trochiloides,Aves
892,Phylloscopus trochilus,Phylloscopus trochilus,Aves
893,Pica hudsonia,Pica hudsonia,Aves
894,Pica pica,Pica pica,Aves
895,Picoides arcticus,Picoides arcticus,Aves
896,Picoides dorsalis,Picoides dorsalis,Aves
897,Picoides tridactylus,Picoides tridactylus,Aves
898,Picus canus,Picus canus,Aves
899,Picus sharpei,Picus sharpei,Aves
900,Picus viridis,Picus viridis,Aves
901,Pinicola enucleator,Pinicola enucleator,Aves
902,Pionus maximiliani,Pionus maximiliani,Aves
903,Pipilo chlorurus,Pipilo chlorurus,Aves
904,Pipilo erythrophthalmus,Pipilo erythrophthalmus,Aves
905,Pipilo maculatus,Pipilo maculatus,Aves
906,Piranga flava,Piranga flava,Aves
907,Piranga ludoviciana,Piranga ludoviciana,Aves
908,Piranga olivacea,Piranga olivacea,Aves
909,Piranga rubra,Piranga rubra,Aves
910,Platalea ajaja,Platalea ajaja,Aves
911,Platalea leucorodia,Platalea leucorodia,Aves
912,Platycercus elegans,Platycercus elegans,Aves
913,Platycercus eximius,Platycercus eximius,Aves
914,Platycleis affinis,Platycleis affinis,Insecta
915,Platycleis albopunctata,Platycleis albopunctata,Insecta
916,Platycleis grisea,Platycleis grisea,Insecta
917,Plectrophenax nivalis,Plectrophenax nivalis,Aves
918,Plegadis chihi,Plegadis chihi,Aves
919,Plegadis falcinellus,Plegadis falcinellus,Aves
920,Ploceus melanocephalus,Ploceus melanocephalus,Aves
921,Pluvialis apricaria,Pluvialis apricaria,Aves
922,Pluvialis dominica,Pluvialis dominica,Aves
923,Pluvialis fulva,Pluvialis fulva,Aves
924,Pluvialis squatarola,Pluvialis squatarola,Aves
925,Podiceps auritus,Podiceps auritus,Aves
926,Podiceps cristatus,Podiceps cristatus,Aves
927,Podiceps grisegena,Podiceps grisegena,Aves
928,Podiceps nigricollis,Podiceps nigricollis,Aves
929,Podilymbus podiceps,Podilymbus podiceps,Aves
930,Poecile atricapillus,Poecile atricapillus,Aves
931,Poecile carolinensis,Poecile carolinensis,Aves
932,Poecile cinctus,Poecile cinctus,Aves
933,Poecile hudsonicus,Poecile hudsonicus,Aves
934,Poecile hyrcanus,Poecile hyrcanus,Aves
935,Poecile lugubris,Poecile lugubris,Aves
936,Poecile montanus,Poecile montanus,Aves
937,Poecile palustris,Poecile palustris,Aves
938,Poecilimon affinis,Poecilimon affinis,Insecta
939,Poecilimon ornatus,Poecilimon ornatus,Insecta
940,Poicephalus senegalus,Poicephalus senegalus,Aves
941,Polioptila caerulea,Polioptila caerulea,Aves
942,Polyphylla fullo,Polyphylla fullo,Insecta
943,Polysarcus denticauda,Polysarcus denticauda,Insecta
944,Pooecetes gramineus,Pooecetes gramineus,Aves
945,Porphyrio poliocephalus,Porphyrio poliocephalus,Aves
946,Porphyrio porphyrio,Porphyrio porphyrio,Aves
947,Porphyrio martinica,Porphyrio martinica,Aves
948,Porzana carolina,Porzana carolina,Aves
949,Zapornia parva,Zapornia parva,Aves
950,Porzana porzana,Porzana porzana,Aves
951,Zapornia pusilla,Zapornia pusilla,Aves
952,Prinia gracilis,Prinia gracilis,Aves
953,Procyon lotor,Procyon lotor,Mammalia
954,Progne chalybea,Progne chalybea,Aves
955,Progne subis,Progne subis,Aves
956,Protonotaria citrea,Protonotaria citrea,Aves
957,Prunella atrogularis,Prunella atrogularis,Aves
958,Prunella collaris,Prunella collaris,Aves
959,Prunella modularis,Prunella modularis,Aves
960,Prunella montanella,Prunella montanella,Aves
961,Prunella ocularis,Prunella ocularis,Aves
962,Pseudacris brachyphona,Pseudacris brachyphona,Amphibia
963,Pseudacris crucifer,Pseudacris crucifer,Amphibia
964,Pseudacris feriarum,Pseudacris feriarum,Amphibia
965,Pseudacris kalmi,Pseudacris kalmi,Amphibia
966,Pseudacris maculata,Pseudacris maculata,Amphibia
967,Pseudacris triseriata,Pseudacris triseriata,Amphibia
968,Pseudochorthippus montanus,Pseudochorthippus montanus,Insecta
969,Psittacula cyanocephala,Psittacula cyanocephala,Aves
970,Psittacula eupatria,Psittacula eupatria,Aves
971,Psittacula krameri,Psittacula krameri,Aves
972,Psophus stridulus,Psophus stridulus,Insecta
973,Pterocles alchata,Pterocles alchata,Aves
974,Pterocles orientalis,Pterocles orientalis,Aves
975,Pterodroma madeira,Pterodroma madeira,Aves
976,Pteronemobius heydenii,Pteronemobius heydenii,Insecta
977,Pterophylla camellifolia,Pterophylla camellifolia,Insecta
978,Ptyonoprogne rupestris,Ptyonoprogne rupestris,Aves
979,Puffinus baroli,Puffinus baroli,Aves
980,Puffinus puffinus,Puffinus puffinus,Aves
981,Pycnonotus barbatus,Pycnonotus barbatus,Aves
982,Pycnonotus cafer,Pycnonotus cafer,Aves
983,Pycnonotus jocosus,Pycnonotus jocosus,Aves
984,Pycnonotus xanthopygos,Pycnonotus xanthopygos,Aves
985,Pyrrhocorax graculus,Pyrrhocorax graculus,Aves
986,Pyrrhocorax pyrrhocorax,Pyrrhocorax pyrrhocorax,Aves
987,Pyrrhula murina,Pyrrhula murina,Aves
988,Pyrrhula pyrrhula,Pyrrhula pyrrhula,Aves
989,Quelea quelea,Quelea quelea,Aves
990,Quiscalus major,Quiscalus major,Aves
991,Quiscalus mexicanus,Quiscalus mexicanus,Aves
992,Quiscalus quiscula,Quiscalus quiscula,Aves
993,Radjah radjah,Radjah radjah,Aves
994,Rallus aquaticus,Rallus aquaticus,Aves
995,Rallus crepitans,Rallus crepitans,Aves
996,Rallus elegans,Rallus elegans,Aves
997,Rallus limicola,Rallus limicola,Aves
998,Rana arvalis,Rana arvalis,Amphibia
999,Rana dalmatina,Rana dalmatina,Amphibia
1000,Rana temporaria,Rana temporaria,Amphibia
1001,Recurvirostra americana,Recurvirostra americana,Aves
1002,Recurvirostra avosetta,Recurvirostra avosetta,Aves
1003,Regulus ignicapilla,Regulus ignicapilla,Aves
1004,Regulus madeirensis,Regulus madeirensis,Aves
1005,Regulus regulus,Regulus regulus,Aves
1006,Regulus satrapa,Regulus satrapa,Aves
1007,Remiz pendulinus,Remiz pendulinus,Aves
1008,Rhea americana,Rhea americana,Aves
1009,Rhinolophus ferrumequinum,Rhinolophus ferrumequinum,Mammalia
1010,Rhodospiza obsoleta,Rhodospiza obsoleta,Aves
1011,Rhodostethia rosea,Rhodostethia rosea,Aves
1012,Riparia riparia,Riparia riparia,Aves
1013,Rissa tridactyla,Rissa tridactyla,Aves
1014,Ruspolia nitidula,Ruspolia nitidula,Insecta
1015,Rynchops niger,Rynchops niger,Aves
1016,Salpinctes obsoletus,Salpinctes obsoletus,Aves
1017,Saxicola caprata,Saxicola caprata,Aves
1018,Saxicola maurus,Saxicola maurus,Aves
1019,Saxicola rubetra,Saxicola rubetra,Aves
1020,Saxicola rubicola,Saxicola rubicola,Aves
1021,Saxicola stejnegeri,Saxicola stejnegeri,Aves
1022,Sayornis nigricans,Sayornis nigricans,Aves
1023,Sayornis phoebe,Sayornis phoebe,Aves
1024,Sayornis saya,Sayornis saya,Aves
1025,Scaphiopus holbrookii,Scaphiopus holbrookii,Amphibia
1026,Sciurus carolinensis,Sciurus carolinensis,Mammalia
1027,Sciurus niger,Sciurus niger,Mammalia
1028,Sciurus vulgaris,Sciurus vulgaris,Mammalia
1029,Scolopax minor,Scolopax minor,Aves
1030,Scolopax rusticola,Scolopax rusticola,Aves
1031,Scudderia septentrionalis,Scudderia septentrionalis,Insecta
1032,Scudderia texensis,Scudderia texensis,Insecta
1033,Seiurus aurocapilla,Seiurus aurocapilla,Aves
1034,Selasphorus calliope,Selasphorus calliope,Aves
1035,Selasphorus platycercus,Selasphorus platycercus,Aves
1036,Selasphorus rufus,Selasphorus rufus,Aves
1037,Sepiana sepium,Sepiana sepium,Insecta
1038,Serinus canaria,Serinus canaria,Aves
1039,Serinus pusillus,Serinus pusillus,Aves
1040,Serinus serinus,Serinus serinus,Aves
1041,Setophaga aestiva,Setophaga aestiva,Aves
1042,Setophaga americana,Setophaga americana,Aves
1043,Setophaga auduboni,Setophaga auduboni,Aves
1044,Setophaga caerulescens,Setophaga caerulescens,Aves
1045,Setophaga castanea,Setophaga castanea,Aves
1046,Setophaga cerulea,Setophaga cerulea,Aves
1047,Setophaga citrina,Setophaga citrina,Aves
1048,Setophaga coronata,Setophaga coronata,Aves
1049,Setophaga discolor,Setophaga discolor,Aves
1050,Setophaga dominica,Setophaga dominica,Aves
1051,Setophaga fusca,Setophaga fusca,Aves
1052,Setophaga kirtlandii,Setophaga kirtlandii,Aves
1053,Setophaga magnolia,Setophaga magnolia,Aves
1054,Setophaga nigrescens,Setophaga nigrescens,Aves
1055,Setophaga occidentalis,Setophaga occidentalis,Aves
1056,Setophaga palmarum,Setophaga palmarum,Aves
1057,Setophaga pensylvanica,Setophaga pensylvanica,Aves
1058,Setophaga petechia,Setophaga petechia,Aves
1059,Setophaga pinus,Setophaga pinus,Aves
1060,Setophaga ruticilla,Setophaga ruticilla,Aves
1061,Setophaga striata,Setophaga striata,Aves
1062,Setophaga tigrina,Setophaga tigrina,Aves
1063,Setophaga townsendi,Setophaga townsendi,Aves
1064,Setophaga virens,Setophaga virens,Aves
1065,Sialia currucoides,Sialia currucoides,Aves
1066,Sialia sialis,Sialia sialis,Aves
1067,Suthora alphonsiana,Suthora alphonsiana,Aves
1068,Sitta canadensis,Sitta canadensis,Aves
1069,Sitta carolinensis,Sitta carolinensis,Aves
1070,Sitta europaea,Sitta europaea,Aves
1071,Sitta krueperi,Sitta krueperi,Aves
1072,Sitta neumayer,Sitta neumayer,Aves
1073,Sitta pusilla,Sitta pusilla,Aves
1074,Sitta tephronota,Sitta tephronota,Aves
1075,Sitta whiteheadi,Sitta whiteheadi,Aves
1076,Somateria mollissima,Somateria mollissima,Aves
1077,Somateria spectabilis,Somateria spectabilis,Aves
1078,Spatula discors,Spatula discors,Aves
1079,Sphyrapicus varius,Sphyrapicus varius,Aves
1080,Spilopelia senegalensis,Spilopelia senegalensis,Aves
1081,Spinus tristis,Spinus tristis,Aves
1082,Spiza americana,Spiza americana,Aves
1083,Spizella breweri,Spizella breweri,Aves
1084,Spizella pallida,Spizella pallida,Aves
1085,Spizella passerina,Spizella passerina,Aves
1086,Spizella pusilla,Spizella pusilla,Aves
1087,Spizelloides arborea,Spizelloides arborea,Aves
1088,Stauroderus scalaris,Stauroderus scalaris,Insecta
1089,Stelgidopteryx serripennis,Stelgidopteryx serripennis,Aves
1090,Stenobothrus lineatus,Stenobothrus lineatus,Insecta
1091,Stenobothrus nigromaculatus,Stenobothrus nigromaculatus,Insecta
1092,Stenobothrus rubicundulus,Stenobothrus rubicundulus,Insecta
1093,Stenobothrus stigmaticus,Stenobothrus stigmaticus,Insecta
1094,Stercorarius longicaudus,Stercorarius longicaudus,Aves
1095,Stercorarius parasiticus,Stercorarius parasiticus,Aves
1096,Stercorarius pomarinus,Stercorarius pomarinus,Aves
1097,Stercorarius skua,Stercorarius skua,Aves
1098,Sterna dougallii,Sterna dougallii,Aves
1099,Sterna forsteri,Sterna forsteri,Aves
1100,Sterna hirundo,Sterna hirundo,Aves
1101,Sterna paradisaea,Sterna paradisaea,Aves
1102,Sternula albifrons,Sternula albifrons,Aves
1103,Sternula antillarum,Sternula antillarum,Aves
1104,Stethophyma grossum,Stethophyma grossum,Insecta
1105,Streptopelia decaocto,Streptopelia decaocto,Aves
1106,Streptopelia orientalis,Streptopelia orientalis,Aves
1107,Streptopelia roseogrisea,Streptopelia roseogrisea,Aves
1108,Streptopelia turtur,Streptopelia turtur,Aves
1109,Strix aluco,Strix aluco,Aves
1110,Strix nebulosa,Strix nebulosa,Aves
1111,Strix uralensis,Strix uralensis,Aves
1112,Strix varia,Strix varia,Aves
1113,Sturnella magna,Sturnella magna,Aves
1114,Sturnella neglecta,Sturnella neglecta,Aves
1115,Sturnus unicolor,Sturnus unicolor,Aves
1116,Sturnus vulgaris,Sturnus vulgaris,Aves
1117,Sula leucogaster,Sula leucogaster,Aves
1118,Surnia ulula,Surnia ulula,Aves
1119,Sus scrofa,Sus scrofa,Mammalia
1120,Sylvia atricapilla,Sylvia atricapilla,Aves
1121,Sylvia borin,Sylvia borin,Aves
1122,Syrrhaptes paradoxus,Syrrhaptes paradoxus,Aves
1123,Tachybaptus ruficollis,Tachybaptus ruficollis,Aves
1124,Tachycineta bicolor,Tachycineta bicolor,Aves
1125,Tadarida teniotis,Tadarida teniotis,Mammalia
1126,Tadorna cana,Tadorna cana,Aves
1127,Tadorna ferruginea,Tadorna ferruginea,Aves
1128,Tadorna tadorna,Tadorna tadorna,Aves
1129,Tamias striatus,Tamias striatus,Mammalia
1130,Tamiasciurus hudsonicus,Tamiasciurus hudsonicus,Mammalia
1131,Tarsiger cyanurus,Tarsiger cyanurus,Aves
1132,Tetrao urogallus,Tetrao urogallus,Aves
1133,Tetraogallus caspius,Tetraogallus caspius,Aves
1134,Tetraogallus caucasicus,Tetraogallus caucasicus,Aves
1135,Tetrastes bonasia,Tetrastes bonasia,Aves
1136,Tetrax tetrax,Tetrax tetrax,Aves
1137,Tettigettalna argentata,Tettigettalna argentata,Insecta
1138,Tettigonia cantans,Tettigonia cantans,Insecta
1139,Tettigonia caudata,Tettigonia caudata,Insecta
1140,Tettigonia viridissima,Tettigonia viridissima,Insecta
1141,Thalassarche melanophris,Thalassarche melanophris,Aves
1142,Thalasseus acuflavidus,Thalasseus acuflavidus,Aves
1143,Thalasseus bengalensis,Thalasseus bengalensis,Aves
1144,Thalasseus elegans,Thalasseus elegans,Aves
1145,Thalasseus maximus,Thalasseus maximus,Aves
1146,Thalasseus sandvicensis,Thalasseus sandvicensis,Aves
1147,Thinornis dubius,Charadrius dubius,Aves
1148,Threskiornis aethiopicus,Threskiornis aethiopicus,Aves
1149,Thryothorus ludovicianus,Thryothorus ludovicianus,Aves
1150,Tibicina haematodes,Tibicina haematodes,Insecta
1151,Tichodroma muraria,Tichodroma muraria,Aves
1152,Toxostoma rufum,Toxostoma rufum,Aves
1153,Trimerotropis verruculata,Trimerotropis verruculata,Insecta
1154,Tringa brevipes,Tringa brevipes,Aves
1155,Tringa erythropus,Tringa erythropus,Aves
1156,Tringa flavipes,Tringa flavipes,Aves
1157,Tringa glareola,Tringa glareola,Aves
1158,Tringa melanoleuca,Tringa melanoleuca,Aves
1159,Tringa nebularia,Tringa nebularia,Aves
1160,Tringa ochropus,Tringa ochropus,Aves
1161,Tringa semipalmata,Tringa semipalmata,Aves
1162,Tringa solitaria,Tringa solitaria,Aves
1163,Tringa stagnatilis,Tringa stagnatilis,Aves
1164,Tringa totanus,Tringa totanus,Aves
1165,Troglodytes aedon,Troglodytes aedon,Aves
1166,Troglodytes hiemalis,Troglodytes hiemalis,Aves
1167,Troglodytes troglodytes,Troglodytes troglodytes,Aves
1168,Turdus atrogularis,Turdus atrogularis,Aves
1169,Turdus eunomus,Turdus eunomus,Aves
1170,Turdus iliacus,Turdus iliacus,Aves
1171,Turdus merula,Turdus merula,Aves
1172,Turdus migratorius,Turdus migratorius,Aves
1173,Turdus naumanni,Turdus naumanni,Aves
1174,Turdus obscurus,Turdus obscurus,Aves
1175,Turdus philomelos,Turdus philomelos,Aves
1176,Turdus pilaris,Turdus pilaris,Aves
1177,Turdus ruficollis,Turdus ruficollis,Aves
1178,Turdus torquatus,Turdus torquatus,Aves
1179,Turdus viscivorus,Turdus viscivorus,Aves
1180,Tylopsis lilifolia,Tylopsis lilifolia,Insecta
1181,Tyrannus crassirostris,Tyrannus crassirostris,Aves
1182,Tyrannus dominicensis,Tyrannus dominicensis,Aves
1183,Tyrannus forficatus,Tyrannus forficatus,Aves
1184,Tyrannus melancholicus,Tyrannus melancholicus,Aves
1185,Tyrannus tyrannus,Tyrannus tyrannus,Aves
1186,Tyrannus verticalis,Tyrannus verticalis,Aves
1187,Tyto alba,Tyto alba,Aves
1188,Tyto furcata,Tyto furcata,Aves
1189,Upupa epops,Upupa epops,Aves
1190,Uria aalge,Uria aalge,Aves
1191,Uria lomvia,Uria lomvia,Aves
1192,Urocyon cinereoargenteus,Urocyon cinereoargenteus,Mammalia
1193,Uromenus rugosicollis,Uromenus rugosicollis,Insecta
1194,Ursus americanus,Ursus americanus,Mammalia
1195,Vanellus cinereus,Vanellus cinereus,Aves
1196,Vanellus indicus,Vanellus indicus,Aves
1197,Vanellus leucurus,Vanellus leucurus,Aves
1198,Vanellus spinosus,Vanellus spinosus,Aves
1199,Vanellus vanellus,Vanellus vanellus,Aves
1200,Velarifictorus micado,Velarifictorus micado,Insecta
1201,Vermivora chrysoptera,Vermivora chrysoptera,Aves
1202,Vermivora cyanoptera,Vermivora cyanoptera,Aves
1203,Vespertilio murinus,Vespertilio murinus,Mammalia
1204,Vidua macroura,Vidua macroura,Aves
1205,Vireo bellii,Vireo bellii,Aves
1206,Vireo olivaceus,Vireo olivaceus,Aves
1207,Vireo flavifrons,Vireo flavifrons,Aves
1208,Vireo flavoviridis,Vireo flavoviridis,Aves
1209,Vireo gilvus,Vireo gilvus,Aves
1210,Vireo griseus,Vireo griseus,Aves
1211,Vireo philadelphicus,Vireo philadelphicus,Aves
1212,Vireo solitarius,Vireo solitarius,Aves
1213,Vulpes vulpes,Vulpes vulpes,Mammalia
1214,Xanthocephalus xanthocephalus,Xanthocephalus xanthocephalus,Aves
1215,Xema sabini,Xema sabini,Aves
1216,Xenus cinereus,Xenus cinereus,Aves
1217,Xestobium rufovillosum,Xestobium rufovillosum,Insecta
1218,Zenaida asiatica,Zenaida asiatica,Aves
1219,Zenaida macroura,Zenaida macroura,Aves
1220,Zonotrichia albicollis,Zonotrichia albicollis,Aves
1221,Zonotrichia atricapilla,Zonotrichia atricapilla,Aves
1222,Zonotrichia leucophrys,Zonotrichia leucophrys,Aves
1223,Zonotrichia querula,Zonotrichia querula,Aves
1224,Zoothera aurea,Zoothera aurea,Aves
